{
    "pools": [
      {
              "rolls": 1,
              "entries": [
                  {
                      "type": "item",
                      "name": "minecraft:shulker_shell",
                      "weight": 1,
                      "functions": [
                          {
                              "function": "set_count",
                              "count": 2
                          }
                      ]
                  }
              ]
          }
      ]
  }
  