{
  "type": "minecraft:stonecutting",
  "ingredient": [
    {
      "item": "minecraft:red_sandstone"
    },
    {
      "item": "minecraft:chiseled_red_sandstone"
    },
    {
      "item": "minecraft:cut_red_sandstone"
    },
    {
      "item": "minecraft:smooth_red_sandstone_stairs"
    },
    {
      "item": "minecraft:red_sandstone_stairs"
    },
    {
      "item": "minecraft:red_sandstone_wall"
    }
  ],
  "result": "minecraft:smooth_red_sandstone",
  "count": 1
}