{
    "type": "minecraft:entity",
    "pools": [
        {
            "rolls": 1.0,
            "entries": [
                {
                    "type": "minecraft:item",
                    "functions": [
                        {
                            "function": "minecraft:fill_player_head",
                            "entity": "this"
                        }
                    ],
                    "name": "minecraft:player_head"
                }
            ]
        }
    ]
}